{
    "accuracy": 0.8945218343242809,
    "precision": 0.8661362969503046,
    "recall": 0.8868125627505181,
    "f1": 0.8730128101876924,
    "loss": 0.2347736805677414
}