{
    "accuracy": 0.9077036635333815,
    "precision": 0.8840740151754117,
    "recall": 0.8958329837498417,
    "f1": 0.8850925168521905,
    "loss": 0.20543444156646729
}