{
    "accuracy": 0.9049821242066362,
    "precision": 0.8862564215229826,
    "recall": 0.88118538418065,
    "f1": 0.8787314315202374,
    "loss": 0.22170965373516083
}