{
    "accuracy": 0.8925332436124056,
    "precision": 0.8700091230740871,
    "recall": 0.8673842803716587,
    "f1": 0.8661632363054563,
    "loss": 0.25812095403671265
}