{
    "accuracy": 0.8941750862493839,
    "precision": 0.852941676993477,
    "recall": 0.8828866175368187,
    "f1": 0.8600996425634624,
    "loss": 0.22498737275600433
}