{
    "accuracy": 0.8904214778567908,
    "precision": 0.8597422316510427,
    "recall": 0.8449594794660454,
    "f1": 0.8448649227184981,
    "loss": 0.23901458084583282
}